{
  "status": "independent-seed frozen-cut confirmation",
  "development_json": "analysis/results/bgoegg_v1/balanced_pc3_circle150_bdt_s7232026.json",
  "development_seed": 7232026,
  "confirmation_seed": 7242026,
  "confirmation_sample_tag": "balanced_pc3_hc150_s7242026",
  "events_per_species": 100000,
  "results": {
    "BGOC": {
      "fixed_t3_pc": {
        "denominator_per_species": 100000,
        "electron_keep_count": 90098,
        "electron_keep": 0.90098,
        "pim_reject_count": 72859,
        "pim_reject": 0.7285900000000001,
        "pi0_reject_count": 98734,
        "pi0_reject": 0.98734,
        "pi_total_to_beta": 0.05237787499999995,
        "pi_total_to_beta_mc_stat_upper95": 0.05485457184890931
      },
      "brweighted_bdt_central": {
        "denominator_per_species": 100000,
        "electron_keep_count": 67550,
        "electron_keep": 0.6755,
        "pim_reject_count": 79028,
        "pim_reject": 0.79028,
        "pi0_reject_count": 99032,
        "pi0_reject": 0.99032,
        "pi_total_to_beta": 0.040131166666666634,
        "pi_total_to_beta_mc_stat_upper95": 0.04231271998304627
      },
      "brweighted_bdt_guarded": {
        "denominator_per_species": 100000,
        "electron_keep_count": 61968,
        "electron_keep": 0.61968,
        "pim_reject_count": 81117,
        "pim_reject": 0.81117,
        "pi0_reject_count": 99166,
        "pi0_reject": 0.99166,
        "pi_total_to_beta": 0.03488112499999997,
        "pi_total_to_beta_mc_stat_upper95": 0.03691535547834031
      },
      "frozen_thresholds": {
        "central": 0.949213311936,
        "guarded": 0.952304683669
      },
      "weight_file": "/gpfs/home/had/yhong/geant4/beta/beta_org/analysis/models/balanced_pc3_circle150_bdt_s7232026_bgoc_bgo_pc_brweighted.weights.xml",
      "confirmation_score_histogram": {
        "edges": [
          -1.0,
          -0.98,
          -0.96,
          -0.94,
          -0.92,
          -0.9,
          -0.88,
          -0.86,
          -0.84,
          -0.8200000000000001,
          -0.8,
          -0.78,
          -0.76,
          -0.74,
          -0.72,
          -0.7,
          -0.6799999999999999,
          -0.6599999999999999,
          -0.64,
          -0.62,
          -0.6,
          -0.5800000000000001,
          -0.56,
          -0.54,
          -0.52,
          -0.5,
          -0.48,
          -0.45999999999999996,
          -0.43999999999999995,
          -0.42000000000000004,
          -0.4,
          -0.38,
          -0.36,
          -0.33999999999999997,
          -0.31999999999999995,
          -0.29999999999999993,
          -0.28,
          -0.26,
          -0.24,
          -0.21999999999999997,
          -0.19999999999999996,
          -0.17999999999999994,
          -0.16000000000000003,
          -0.14,
          -0.12,
          -0.09999999999999998,
          -0.07999999999999996,
          -0.05999999999999994,
          -0.040000000000000036,
          -0.020000000000000018,
          0.0,
          0.020000000000000018,
          0.040000000000000036,
          0.06000000000000005,
          0.08000000000000007,
          0.10000000000000009,
          0.1200000000000001,
          0.14000000000000012,
          0.15999999999999992,
          0.17999999999999994,
          0.19999999999999996,
          0.21999999999999997,
          0.24,
          0.26,
          0.28,
          0.30000000000000004,
          0.32000000000000006,
          0.3400000000000001,
          0.3600000000000001,
          0.3800000000000001,
          0.40000000000000013,
          0.41999999999999993,
          0.43999999999999995,
          0.45999999999999996,
          0.48,
          0.5,
          0.52,
          0.54,
          0.56,
          0.5800000000000001,
          0.6000000000000001,
          0.6200000000000001,
          0.6400000000000001,
          0.6600000000000001,
          0.6799999999999999,
          0.7,
          0.72,
          0.74,
          0.76,
          0.78,
          0.8,
          0.8200000000000001,
          0.8400000000000001,
          0.8600000000000001,
          0.8800000000000001,
          0.9000000000000001,
          0.9199999999999999,
          0.94,
          0.96,
          0.98,
          1.0
        ],
        "species": {
          "e": {
            "counts": [
              5,
              0,
              1,
              2,
              7,
              0,
              5,
              2,
              1,
              2,
              0,
              2,
              3,
              3,
              0,
              2,
              3,
              4,
              2,
              0,
              2,
              1,
              2,
              2,
              5,
              5,
              2,
              2,
              2,
              1,
              4,
              8,
              4,
              2,
              4,
              3,
              2,
              3,
              7,
              3,
              4,
              10,
              3,
              10,
              5,
              6,
              4,
              8,
              6,
              7,
              6,
              3,
              3,
              9,
              8,
              7,
              10,
              12,
              13,
              10,
              12,
              7,
              10,
              9,
              11,
              17,
              20,
              17,
              11,
              17,
              18,
              24,
              28,
              26,
              30,
              34,
              32,
              31,
              43,
              36,
              51,
              49,
              59,
              61,
              85,
              90,
              86,
              105,
              115,
              145,
              165,
              191,
              230,
              330,
              1091,
              5035,
              11329,
              37458,
              30854,
              11786
            ],
            "underflow": 0,
            "overflow": 0
          },