{
  "status": "independent-seed frozen-cut confirmation",
  "development_json": "analysis/results/bgoegg_v1/balanced_pc3_circle60_bdt_s7232026.json",
  "development_seed": 7232026,
  "confirmation_seed": 7242026,
  "confirmation_sample_tag": "balanced_pc3_hc60_s7242026",
  "events_per_species": 100000,
  "results": {
    "BGOC": {
      "fixed_t3_pc": {
        "denominator_per_species": 100000,
        "electron_keep_count": 90063,
        "electron_keep": 0.90063,
        "pim_reject_count": 72912,
        "pim_reject": 0.72912,
        "pi0_reject_count": 99179,
        "pi0_reject": 0.99179,
        "pi_total_to_beta": 0.03752466666666664,
        "pi_total_to_beta_mc_stat_upper95": 0.03955655314591597
      },
      "brweighted_bdt_central": {
        "denominator_per_species": 100000,
        "electron_keep_count": 67530,
        "electron_keep": 0.6753,
        "pim_reject_count": 79852,
        "pim_reject": 0.79852,
        "pi0_reject_count": 99019,
        "pi0_reject": 0.99019,
        "pi_total_to_beta": 0.040255499999999965,
        "pi_total_to_beta_mc_stat_upper95": 0.04244905009020118
      },
      "brweighted_bdt_guarded": {
        "denominator_per_species": 100000,
        "electron_keep_count": 61454,
        "electron_keep": 0.61454,
        "pim_reject_count": 81876,
        "pim_reject": 0.8187599999999999,
        "pi0_reject_count": 99153,
        "pi0_reject": 0.99153,
        "pi_total_to_beta": 0.0350298333333333,
        "pi_total_to_beta_mc_stat_upper95": 0.03707708093080245
      },
      "frozen_thresholds": {
        "central": 0.948064785922,
        "guarded": 0.951204786146
      },
      "weight_file": "/gpfs/home/had/yhong/geant4/beta/beta_org/analysis/models/balanced_pc3_circle60_bdt_s7232026_bgoc_bgo_pc_brweighted.weights.xml",
      "confirmation_score_histogram": {
        "edges": [
          -1.0,
          -0.98,
          -0.96,
          -0.94,
          -0.92,
          -0.9,
          -0.88,
          -0.86,
          -0.84,
          -0.8200000000000001,
          -0.8,
          -0.78,
          -0.76,
          -0.74,
          -0.72,
          -0.7,
          -0.6799999999999999,
          -0.6599999999999999,
          -0.64,
          -0.62,
          -0.6,
          -0.5800000000000001,
          -0.56,
          -0.54,
          -0.52,
          -0.5,
          -0.48,
          -0.45999999999999996,
          -0.43999999999999995,
          -0.42000000000000004,
          -0.4,
          -0.38,
          -0.36,
          -0.33999999999999997,
          -0.31999999999999995,
          -0.29999999999999993,
          -0.28,
          -0.26,
          -0.24,
          -0.21999999999999997,
          -0.19999999999999996,
          -0.17999999999999994,
          -0.16000000000000003,
          -0.14,
          -0.12,
          -0.09999999999999998,
          -0.07999999999999996,
          -0.05999999999999994,
          -0.040000000000000036,
          -0.020000000000000018,
          0.0,
          0.020000000000000018,
          0.040000000000000036,
          0.06000000000000005,
          0.08000000000000007,
          0.10000000000000009,
          0.1200000000000001,
          0.14000000000000012,
          0.15999999999999992,
          0.17999999999999994,
          0.19999999999999996,
          0.21999999999999997,
          0.24,
          0.26,
          0.28,
          0.30000000000000004,
          0.32000000000000006,
          0.3400000000000001,
          0.3600000000000001,
          0.3800000000000001,
          0.40000000000000013,
          0.41999999999999993,
          0.43999999999999995,
          0.45999999999999996,
          0.48,
          0.5,
          0.52,
          0.54,
          0.56,
          0.5800000000000001,
          0.6000000000000001,
          0.6200000000000001,
          0.6400000000000001,
          0.6600000000000001,
          0.6799999999999999,
          0.7,
          0.72,
          0.74,
          0.76,
          0.78,
          0.8,
          0.8200000000000001,
          0.8400000000000001,
          0.8600000000000001,
          0.8800000000000001,
          0.9000000000000001,
          0.9199999999999999,
          0.94,
          0.96,
          0.98,
          1.0
        ],
        "species": {
          "e": {
            "counts": [
              6,
              0,
              2,
              3,
              3,
              3,
              4,
              0,
              0,
              2,
              2,
              2,
              0,
              2,
              1,
              1,
              5,
              3,
              0,
              4,
              3,
              0,
              1,
              3,
              2,
              2,
              2,
              2,
              3,
              6,
              2,
              3,
              5,
              3,
              3,
              5,
              6,
              3,
              5,
              6,
              5,
              3,
              6,
              4,
              3,
              3,
              6,
              5,
              6,
              7,
              7,
              5,
              7,
              11,
              11,
              7,
              6,
              8,
              9,
              12,
              11,
              11,
              9,
              9,
              10,
              14,
              15,
              22,
              17,
              17,
              18,
              20,
              24,
              22,
              31,
              36,
              34,
              25,
              41,
              44,
              44,
              46,
              59,
              69,
              70,
              67,
              94,
              91,
              126,
              139,
              182,
              187,
              254,
              343,
              868,
              3105,
              13518,
              37840,
              30940,
              11289
            ],
            "underflow": 0,
            "overflow": 0
          },