{
  "status": "independent-seed frozen-cut confirmation",
  "development_json": "analysis/results/bgoegg_v1/balanced_pc3_circle100_bdt_s7232026.json",
  "development_seed": 7232026,
  "confirmation_seed": 7242026,
  "confirmation_sample_tag": "balanced_pc3_hc100_s7242026",
  "events_per_species": 100000,
  "results": {
    "BGOC": {
      "fixed_t3_pc": {
        "denominator_per_species": 100000,
        "electron_keep_count": 90271,
        "electron_keep": 0.90271,
        "pim_reject_count": 72776,
        "pim_reject": 0.72776,
        "pi0_reject_count": 99017,
        "pi0_reject": 0.99017,
        "pi_total_to_beta": 0.042975666666666634,
        "pi_total_to_beta_mc_stat_upper95": 0.04518139275726912
      },
      "brweighted_bdt_central": {
        "denominator_per_species": 100000,
        "electron_keep_count": 67793,
        "electron_keep": 0.67793,
        "pim_reject_count": 79596,
        "pim_reject": 0.79596,
        "pi0_reject_count": 99000,
        "pi0_reject": 0.99,
        "pi_total_to_beta": 0.0409848333333333,
        "pi_total_to_beta_mc_stat_upper95": 0.04319821176545819
      },
      "brweighted_bdt_guarded": {
        "denominator_per_species": 100000,
        "electron_keep_count": 61083,
        "electron_keep": 0.61083,
        "pim_reject_count": 81918,
        "pim_reject": 0.81918,
        "pi0_reject_count": 99132,
        "pi0_reject": 0.99132,
        "pi_total_to_beta": 0.035714083333333306,
        "pi_total_to_beta_mc_stat_upper95": 0.03778433393758808
      },
      "frozen_thresholds": {
        "central": 0.947798133353,
        "guarded": 0.95107517628
      },
      "weight_file": "/gpfs/home/had/yhong/geant4/beta/beta_org/analysis/models/balanced_pc3_circle100_bdt_s7232026_bgoc_bgo_pc_brweighted.weights.xml",
      "confirmation_score_histogram": {
        "edges": [
          -1.0,
          -0.98,
          -0.96,
          -0.94,
          -0.92,
          -0.9,
          -0.88,
          -0.86,
          -0.84,
          -0.8200000000000001,
          -0.8,
          -0.78,
          -0.76,
          -0.74,
          -0.72,
          -0.7,
          -0.6799999999999999,
          -0.6599999999999999,
          -0.64,
          -0.62,
          -0.6,
          -0.5800000000000001,
          -0.56,
          -0.54,
          -0.52,
          -0.5,
          -0.48,
          -0.45999999999999996,
          -0.43999999999999995,
          -0.42000000000000004,
          -0.4,
          -0.38,
          -0.36,
          -0.33999999999999997,
          -0.31999999999999995,
          -0.29999999999999993,
          -0.28,
          -0.26,
          -0.24,
          -0.21999999999999997,
          -0.19999999999999996,
          -0.17999999999999994,
          -0.16000000000000003,
          -0.14,
          -0.12,
          -0.09999999999999998,
          -0.07999999999999996,
          -0.05999999999999994,
          -0.040000000000000036,
          -0.020000000000000018,
          0.0,
          0.020000000000000018,
          0.040000000000000036,
          0.06000000000000005,
          0.08000000000000007,
          0.10000000000000009,
          0.1200000000000001,
          0.14000000000000012,
          0.15999999999999992,
          0.17999999999999994,
          0.19999999999999996,
          0.21999999999999997,
          0.24,
          0.26,
          0.28,
          0.30000000000000004,
          0.32000000000000006,
          0.3400000000000001,
          0.3600000000000001,
          0.3800000000000001,
          0.40000000000000013,
          0.41999999999999993,
          0.43999999999999995,
          0.45999999999999996,
          0.48,
          0.5,
          0.52,
          0.54,
          0.56,
          0.5800000000000001,
          0.6000000000000001,
          0.6200000000000001,
          0.6400000000000001,
          0.6600000000000001,
          0.6799999999999999,
          0.7,
          0.72,
          0.74,
          0.76,
          0.78,
          0.8,
          0.8200000000000001,
          0.8400000000000001,
          0.8600000000000001,
          0.8800000000000001,
          0.9000000000000001,
          0.9199999999999999,
          0.94,
          0.96,
          0.98,
          1.0
        ],
        "species": {
          "e": {
            "counts": [
              4,
              3,
              4,
              2,
              4,
              2,
              1,
              1,
              3,
              2,
              2,
              0,
              2,
              1,
              1,
              6,
              5,
              3,
              2,
              1,
              1,
              1,
              2,
              3,
              2,
              4,
              2,
              3,
              1,
              5,
              0,
              4,
              3,
              0,
              5,
              5,
              4,
              7,
              7,
              6,
              2,
              4,
              3,
              5,
              8,
              4,
              3,
              4,
              10,
              9,
              7,
              6,
              9,
              4,
              6,
              12,
              9,
              7,
              10,
              12,
              10,
              16,
              14,
              13,
              14,
              9,
              10,
              19,
              12,
              15,
              15,
              17,
              23,
              24,
              33,
              28,
              35,
              36,
              49,
              44,
              39,
              55,
              46,
              81,
              83,
              77,
              97,
              107,
              129,
              135,
              165,
              194,
              263,
              418,
              1459,
              2095,
              12596,
              39218,
              31245,
              10814
            ],
            "underflow": 0,
            "overflow": 0
          },